{
    "name": "root",
    "gauges": {
        "Pong.Policy.Entropy.mean": {
            "value": 0.6029544472694397,
            "min": 0.5992487668991089,
            "max": 1.082741379737854,
            "count": 40
        },
        "Pong.Policy.Entropy.sum": {
            "value": 28555.923828125,
            "min": 28555.923828125,
            "max": 56406.49609375,
            "count": 40
        },
        "Pong.Step.mean": {
            "value": 999938.0,
            "min": 24974.0,
            "max": 999938.0,
            "count": 40
        },
        "Pong.Step.sum": {
            "value": 999938.0,
            "min": 24974.0,
            "max": 999938.0,
            "count": 40
        },
        "Pong.Policy.ExtrinsicValueEstimate.mean": {
            "value": 0.4549405574798584,
            "min": -2.019216775894165,
            "max": 0.46717703342437744,
            "count": 40
        },
        "Pong.Policy.ExtrinsicValueEstimate.sum": {
            "value": 178.33670043945312,
            "min": -829.8980712890625,
            "max": 183.13339233398438,
            "count": 40
        },
        "Pong.Environment.EpisodeLength.mean": {
            "value": 2182.4615384615386,
            "min": 340.10769230769233,
            "max": 2250.4545454545455,
            "count": 40
        },
        "Pong.Environment.EpisodeLength.sum": {
            "value": 28372.0,
            "min": 1397.0,
            "max": 46937.0,
            "count": 40
        },
        "Pong.Self-play.ELO.mean": {
            "value": 1200.0,
            "min": 1200.0,
            "max": 1200.0,
            "count": 39
        },
        "Pong.Self-play.ELO.sum": {
            "value": 8400.0,
            "min": 1200.0,
            "max": 58800.0,
            "count": 39
        },
        "Pong.Environment.CumulativeReward.mean": {
            "value": 7.571428571428571,
            "min": -0.6888888888888889,
            "max": 10.666666666666666,
            "count": 39
        },
        "Pong.Environment.CumulativeReward.sum": {
            "value": 53.0,
            "min": -31.0,
            "max": 71.0,
            "count": 39
        },
        "Pong.Policy.ExtrinsicReward.mean": {
            "value": 7.571428571428571,
            "min": -0.6888888888888889,
            "max": 10.666666666666666,
            "count": 39
        },
        "Pong.Policy.ExtrinsicReward.sum": {
            "value": 53.0,
            "min": -31.0,
            "max": 71.0,
            "count": 39
        },
        "Pong.Losses.PolicyLoss.mean": {
            "value": 0.029366418151326026,
            "min": 0.020266860392828934,
            "max": 0.029366418151326026,
            "count": 40
        },
        "Pong.Losses.PolicyLoss.sum": {
            "value": 0.05873283630265205,
            "min": 0.04056355372692148,
            "max": 0.07931359458263174,
            "count": 40
        },
        "Pong.Losses.ValueLoss.mean": {
            "value": 0.013819071760570461,
            "min": 0.013819071760570461,
            "max": 0.6571018712990212,
            "count": 40
        },
        "Pong.Losses.ValueLoss.sum": {
            "value": 0.027638143521140923,
            "min": 0.027638143521140923,
            "max": 1.3142037425980424,
            "count": 40
        },
        "Pong.Policy.LearningRate.mean": {
            "value": 3.1473989508999915e-06,
            "min": 3.1473989508999915e-06,
            "max": 0.00029496825167724995,
            "count": 40
        },
        "Pong.Policy.LearningRate.sum": {
            "value": 6.294797901799983e-06,
            "min": 6.294797901799983e-06,
            "max": 0.0008432301189233001,
            "count": 40
        },
        "Pong.Policy.Epsilon.mean": {
            "value": 0.1010491,
            "min": 0.1010491,
            "max": 0.19832275,
            "count": 40
        },
        "Pong.Policy.Epsilon.sum": {
            "value": 0.2020982,
            "min": 0.2020982,
            "max": 0.5810767000000001,
            "count": 40
        },
        "Pong.Policy.Beta.mean": {
            "value": 6.235008999999987e-05,
            "min": 6.235008999999987e-05,
            "max": 0.0049163052250000006,
            "count": 40
        },
        "Pong.Policy.Beta.sum": {
            "value": 0.00012470017999999974,
            "min": 0.00012470017999999974,
            "max": 0.01405572733,
            "count": 40
        },
        "Pong.IsTraining.mean": {
            "value": 1.0,
            "min": 1.0,
            "max": 1.0,
            "count": 40
        },
        "Pong.IsTraining.sum": {
            "value": 1.0,
            "min": 1.0,
            "max": 1.0,
            "count": 40
        }
    },
    "metadata": {
        "timer_format_version": "0.1.0",
        "start_time_seconds": "1627483224",
        "python_version": "3.8.8 (default, Apr 13 2021, 15:08:03) [MSC v.1916 64 bit (AMD64)]",
        "command_line_arguments": "C:\\Users\\Tonsias\\anaconda3\\envs\\ML Agents with Cuda\\Scripts\\mlagents-learn config/pong.yaml --run-id pong_01 --time-scale 2 --force",
        "mlagents_version": "0.26.0",
        "mlagents_envs_version": "0.26.0",
        "communication_protocol_version": "1.5.0",
        "pytorch_version": "1.8.1",
        "numpy_version": "1.20.2",
        "end_time_seconds": "1627487191"
    },
    "total": 3966.4887062,
    "count": 1,
    "self": 0.011272700000063196,
    "children": {
        "run_training.setup": {
            "total": 0.21571919999999967,
            "count": 1,
            "self": 0.21571919999999967
        },
        "TrainerController.start_learning": {
            "total": 3966.2617142999998,
            "count": 1,
            "self": 0.7740803000406231,
            "children": {
                "TrainerController._reset_env": {
                    "total": 8.432234899999628,
                    "count": 10,
                    "self": 8.432234899999628
                },
                "TrainerController.advance": {
                    "total": 3956.97799419996,
                    "count": 28023,
                    "self": 0.8130399998949542,
                    "children": {
                        "env_step": {
                            "total": 3668.91403930006,
                            "count": 28023,
                            "self": 3536.719048900068,
                            "children": {
                                "SubprocessEnvManager._take_step": {
                                    "total": 131.71764249999438,
                                    "count": 28023,
                                    "self": 4.928878699977119,
                                    "children": {
                                        "TorchPolicy.evaluate": {
                                            "total": 126.78876380001726,
                                            "count": 54546,
                                            "self": 52.21147880005795,
                                            "children": {
                                                "TorchPolicy.sample_actions": {
                                                    "total": 74.57728499995932,
                                                    "count": 54546,
                                                    "self": 74.57728499995932
                                                }
                                            }
                                        }
                                    }
                                },
                                "workers": {
                                    "total": 0.4773478999972518,
                                    "count": 28023,
                                    "self": 0.0,
                                    "children": {
                                        "worker_root": {
                                            "total": 3959.4986904999705,