{"count":1,"self":78.398758399999991,"total":82.3125443,"children":{"InitializeActuators":{"count":2,"self":0.001995,"total":0.001995,"children":null},"InitializeSensors":{"count":2,"self":0.0020128999999999998,"total":0.0020128999999999998,"children":null},"AgentSendState":{"count":3757,"self":0.0514503,"total":0.089045,"children":{"CollectObservations":{"count":752,"self":0.0060894,"total":0.0060894,"children":null},"WriteActionMask":{"count":752,"self":0.0084634999999999988,"total":0.0084634999999999988,"children":null},"RequestDecision":{"count":752,"self":0.023041799999999998,"total":0.023041799999999998,"children":null}}},"DecideAction":{"count":3757,"self":3.7237419999999997,"total":3.7237421,"children":null},"AgentAct":{"count":3757,"self":0.095991399999999991,"total":0.095991399999999991,"children":null}},"gauges":{},"metadata":{"timer_format_version":"0.1.0","start_time_seconds":"1627481881","unity_version":"2020.3.14f1","command_line_arguments":"C:\\Program Files\\Unity\\Editor\\2020.3.14f1\\Editor\\Unity.exe -projectpath C:\/Users\/Tonsias\/Documents\/Unity Projecte\/MLAgents -useHub -hubIPC -cloudEnvironment production -hubSessionId 12318100-ef6d-11eb-a1d0-b96265d6d555 -accessToken 9miPj_YzV6xROKYMaX3rL2tHJSTDXLAot_lZzN9zYkc008f","communication_protocol_version":"1.5.0","com.unity.ml-agents_version":"2.1.0-exp.1","scene_name":"MLA_Pong","end_time_seconds":"1627481963"}}