{"count":1,"self":1867.5875839999999,"total":3961.5973811,"children":{"InitializeActuators":{"count":74,"self":0.0020195,"total":0.0020195,"children":null},"InitializeSensors":{"count":74,"self":0.0030589999999999997,"total":0.0030589999999999997,"children":null},"AgentSendState":{"count":272741,"self":12.219387999999999,"total":59.777908,"children":{"CollectObservations":{"count":2018942,"self":8.9768048,"total":8.9768051,"children":null},"WriteActionMask":{"count":2018942,"self":2.5968869999999997,"total":2.5968869999999997,"children":null},"RequestDecision":{"count":2018942,"self":7.0052655999999995,"total":35.984828,"children":{"AgentInfo.ToProto":{"count":2018942,"self":7.0833471999999995,"total":28.9795622,"children":{"GenerateSensorData":{"count":2018942,"self":21.896214399999998,"total":21.8962152,"children":null}}}}}}},"DecideAction":{"count":272741,"self":1971.9686144,"total":1971.9685198999998,"children":null},"AgentAct":{"count":272741,"self":62.2128576,"total":62.2128604,"children":null},"AgentInfo.ToProto":{"count":848,"self":0.01703,"total":0.0444682,"children":{"GenerateSensorData":{"count":848,"self":0.0274382,"total":0.0274382,"children":null}}}},"gauges":{"Pong.CumulativeReward":{"count":848,"max":67,"min":-3.5,"runningAverage":5.92747831,"value":36,"weightedAverage":24.0841522}},"metadata":{"timer_format_version":"0.1.0","start_time_seconds":"1627483229","unity_version":"2020.3.14f1","command_line_arguments":"C:\\Program Files\\Unity\\Editor\\2020.3.14f1\\Editor\\Unity.exe -projectpath C:\/Users\/Tonsias\/Documents\/Unity Projecte\/MLAgents -useHub -hubIPC -cloudEnvironment production -hubSessionId 12318100-ef6d-11eb-a1d0-b96265d6d555 -accessToken 9miPj_YzV6xROKYMaX3rL2tHJSTDXLAot_lZzN9zYkc008f","communication_protocol_version":"1.5.0","com.unity.ml-agents_version":"2.1.0-exp.1","scene_name":"MLA_Pong","end_time_seconds":"1627487191"}}